{
	"name" 		: "My Library",
	"address" 	: "27 rue des Alouettes, Paris",
	"books" 	: [
		{
			"title" 		: "Moby Dick",
			"author" 		: "Herman Melville",
			"pages" 		: 365,
			"price" 		: 18.2,
			"inStock" 		: true,
			"promotion" 	: false,
			"publics" 		: {
				"kids" 		: true,
				"adults" 	: true,
				"male" 		: true,
				"female" 	: true
			},
			"buyers" 		: [
				{
					"name" : "Albert Lantier",
					"date" : "2015-04-09"
				},
				{
					"name" : "Ursula Bertholet",
					"date" : "2015-03-01"
				},
				{
					"name" : "Régis Fèduvaileau",
					"date" : "2015-02-12"
				}
			]
		},
		{
			"title" 		: "Madame Bovary",
			"author" 		: "Gustave Flaubert",
			"pages" 		: 432,
			"price" 		: 21.3,
			"inStock" 		: true,
			"promotion" 	: true,
			"publics" 		: {
				"kids" 		: false,
				"adults" 	: true,
				"male" 		: true,
				"female" 	: true
			},
			"buyers" 		: [
				{
					"name" : "Hector Boutru",
					"date" : "2016-04-06"
				},
				{
					"name" : "Sophie Fonsec",
					"date" : "2016-03-11"
				},
				{
					"name" : "Gérard Bonaparte",
					"date" : "2015-12-27"
				}
			]
		},
		{
			"title" 		: "Princess Sarah",
			"author" 		: "Agnès Rosenstiehl",
			"pages" 		: 216,
			"price" 		: 42.7,
			"inStock" 	: true,
			"promotion" 	: true,
			"publics" 	: {
				"kids" 	: true,
				"adults" 	: false,
				"male" 	: false,
				"female" 	: true
			},
			"buyers" 		: [
				{
					"name" : "Jarnier Méloine",
					"date" : "2016-04-22"
				},
				{
					"name" : "Falumec Destraban",
					"date" : "2016-03-18"
				},
				{
					"name" : "Ugoliote Givert",
					"date" : "2015-12-07"
				}
			]
		}
	]
}				
